ECU;1;GK;Hernán Galíndez;30/03/1987
ECU;2;DF;Félix Torres;11/01/1997
ECU;3;DF;Piero Hincapié;09/01/2002
ECU;4;DF;Robert Arboleda;22/12/1991
ECU;5;MF;José Cifuentes;12/03/1999
ECU;6;DF;Willian Pacho;16/12/2001
ECU;7;DF;Pervis Estupiñán;21/01/1998
ECU;8;MF;Carlos Gruezo;19/04/1995
ECU;9;MF;Ayrton Preciado;17/07/1994
ECU;10;MF;Romario Ibarra;24/09/1994
ECU;11;FW;Michael Estrada;07/04/1996
ECU;12;GK;Moisés Ramírez;09/09/2000
ECU;13;FW;Enner Valencia;04/11/1989
ECU;14;DF;Xavier Arreaga;28/09/1994
ECU;15;MF;Ángel Mena;21/01/1988
ECU;16;MF;Jeremy Sarmiento;16/06/2002
ECU;17;DF;Ángelo Preciado;18/02/1998
ECU;18;DF;Diego Palacios;12/07/1999
ECU;19;MF;Gonzalo Plata;01/11/2000
ECU;20;MF;Sebas Méndez;26/04/1997
ECU;21;MF;Alan Franco;21/08/1998
ECU;22;GK;Alexander Domínguez;05/06/1987
ECU;23;MF;Moisés Caicedo;02/11/2001
ECU;24;FW;Djorkaeff Reasco;18/01/1999
ECU;25;DF;Jackson Porozo;04/08/2000
ECU;26;FW;Kevin Rodríguez;04/03/2000
NED;1;GK;Remko Pasveer;08/11/1983
NED;2;DF;Jurriën Timber;17/06/2001
NED;3;DF;Matthijs de Ligt;12/08/1999
NED;4;DF;Virgil van Dijk;08/07/1991
NED;5;DF;Nathan Aké;18/02/1995
NED;6;DF;Stefan de Vrij;05/02/1992
NED;7;FW;Steven Bergwijn;08/12/1997
NED;8;FW;Cody Gakpo;07/05/1999
NED;9;FW;Luuk de Jong;27/08/1990
NED;10;FW;Memphis Depay;13/02/1994
NED;11;MF;Steven Berghuis;19/12/1991
NED;12;FW;Noa Lang;17/06/1999
NED;13;GK;Justin Bijlow;22/01/1998
NED;14;MF;Davy Klaassen;21/02/1993
NED;15;MF;Marten de Roon;29/03/1991
NED;16;DF;Tyrell Malacia;17/08/1999
NED;17;DF;Daley Blind;09/03/1990
NED;18;FW;Vincent Janssen;15/06/1994
NED;19;FW;Wout Weghorst;07/08/1992
NED;20;MF;Teun Koopmeiners;28/02/1998
NED;21;MF;Frenkie de Jong;12/05/1997
NED;22;DF;Denzel Dumfries;18/04/1996
NED;23;GK;Andries Noppert;07/04/1994
NED;24;MF;Kenneth Taylor;16/05/2002
NED;25;MF;Xavi Simons;21/04/2003
NED;26;DF;Jeremie Frimpong;10/12/2000
QAT;1;GK;Saad Al-Sheeb;19/02/1990
QAT;2;DF;Ró-Ró;06/08/1990
QAT;3;MF;Abdelkarim Hassan;28/08/1993
QAT;4;DF;Mohammed Waad;18/09/1999
QAT;5;DF;Tarek Salman;05/12/1997
QAT;6;MF;Abdulaziz Hatem;01/01/1990
QAT;7;FW;Ahmed Alaaeldin;31/01/1993
QAT;8;MF;Ali Assadalla;19/01/1993
QAT;9;FW;Mohammed Muntari;20/12/1993
QAT;10;MF;Hassan Al-Haydos;11/12/1990
QAT;11;FW;Akram Afif;18/11/1996
QAT;12;MF;Karim Boudiaf;16/09/1990
QAT;13;DF;Musab Kheder;01/01/1993
QAT;14;DF;Homam Ahmed;25/08/1999
QAT;15;DF;Bassam Al-Rawi;16/12/1997
QAT;16;DF;Boualem Khoukhi;09/07/1990
QAT;17;DF;Ismaeel Mohammad;05/04/1990
QAT;18;FW;Khalid Muneer;24/02/1998
QAT;19;FW;Almoez Ali;19/08/1996
QAT;20;MF;Salem Al-Hajri;10/04/1996
QAT;21;GK;Yousef Hassan;24/05/1996
QAT;22;GK;Meshaal Barsham;14/02/1998
QAT;23;MF;Assim Madibo;22/12/1996
QAT;24;MF;Naif Al-Hadhrami;18/07/2001
QAT;25;MF;Jassem Gaber;20/02/2002
QAT;26;MF;Mostafa Meshaal;28/03/2001
SEN;1;GK;Seny Dieng;23/11/1994
SEN;2;DF;Formose Mendy;02/01/2001
SEN;3;DF;Kalidou Koulibaly;20/06/1991
SEN;4;DF;Pape Abou Cissé;14/09/1995
SEN;5;MF;Idrissa Gueye;26/09/1989
SEN;6;MF;Nampalys Mendy;23/06/1992
SEN;7;FW;Nicolas Jackson;20/06/2001
SEN;8;DF;Cheikhou Kouyaté;21/12/1989
SEN;9;FW;Boulaye Dia;16/11/1996
SEN;10;DF;Moussa N'Diaye;18/06/2002
SEN;11;MF;Pathé Ciss;16/03/1994
SEN;12;DF;Fodé Ballo-Touré;03/01/1997
SEN;13;FW;Iliman Ndiaye;06/03/2000
SEN;14;DF;Ismail Jakobs;17/08/1999
SEN;15;MF;Krépin Diatta;25/02/1999
SEN;16;GK;Édouard Mendy;01/03/1992
SEN;17;MF;Pape Matar Sarr;14/09/2002
SEN;18;FW;Ismaïla Sarr;25/02/1998
SEN;19;FW;Famara Diédhiou;15/12/1992
SEN;20;FW;Bamba Dieng;23/03/2000
SEN;21;DF;Youssouf Sabaly;05/03/1993
SEN;22;DF;Abdou Diallo;04/05/1996
SEN;23;GK;Alfred Gomis;05/09/1993
SEN;24;DF;Moustapha Name;05/05/1995
SEN;25;MF;Mamadou Loum;30/12/1996
SEN;26;MF;Pape Gueye;24/01/1999
ENG;1;GK;Jordan Pickford;07/03/1994
ENG;2;DF;Kyle Walker;28/05/1990
ENG;3;DF;Luke Shaw;12/07/1995
ENG;4;MF;Declan Rice;14/01/1999
ENG;5;DF;John Stones;28/05/1994
ENG;6;DF;Harry Maguire;05/03/1993
ENG;7;FW;Jack Grealish;10/09/1995
ENG;8;MF;Jordan Henderson;17/06/1990
ENG;9;FW;Harry Kane;28/07/1993
ENG;10;FW;Raheem Sterling;08/12/1994
ENG;11;FW;Marcus Rashford;31/12/1997
ENG;12;DF;Kieran Trippier;19/09/1990
ENG;13;GK;Nick Pope;19/04/1992
ENG;14;MF;Kalvin Phillips;02/12/1995
ENG;15;DF;Eric Dier;15/01/1994
ENG;16;DF;Conor Coady;25/02/1993
ENG;17;FW;Bukayo Saka;05/09/2001
ENG;18;DF;Trent Alexander-Arnold;07/12/1998
ENG;19;MF;Mason Mount;10/01/1999
ENG;20;MF;Phil Foden;28/05/2000
ENG;21;DF;Ben White;08/12/1997
ENG;22;MF;Jude Bellingham;29/06/2003
ENG;23;GK;Aaron Ramsdale;14/05/1998
ENG;24;FW;Callum Wilson;27/02/1992
ENG;25;MF;James Maddison;23/11/1996
ENG;26;MF;Conor Gallagher;06/02/2000
IRN;1;GK;Alireza Beiranvand;21/09/1992
IRN;2;DF;Sadegh Moharrami;01/03/1996
IRN;3;DF;Ehsan Hajsafi;25/02/1990
IRN;4;DF;Shojae Khalilzadeh;14/05/1989
IRN;5;DF;Milad Mohammadi;29/09/1993
IRN;6;MF;Saeid Ezatolahi;01/12/1996
IRN;7;MF;Alireza Jahanbakhsh;11/08/1993
IRN;8;DF;Morteza Pouraliganji;19/04/1992
IRN;9;FW;Mehdi Taremi;18/07/1992
IRN;10;FW;Karim Ansarifard;03/04/1990
IRN;11;MF;Vahid Amiri;02/04/1988
IRN;12;GK;Payam Niazmand;06/04/1995
IRN;13;DF;Hossein Kanaanizadegan;23/03/1994
IRN;14;MF;Saman Ghoddos;06/09/1993
IRN;15;DF;Rouzbeh Cheshmi;24/07/1993
IRN;16;MF;Mehdi Torabi;10/09/1994
IRN;17;MF;Ali Gholizadeh;10/03/1996
IRN;18;MF;Ali Karimi;11/02/1994
IRN;19;DF;Majid Hosseini;20/06/1996
IRN;20;FW;Sardar Azmoun;01/01/1995
IRN;21;MF;Ahmad Nourollahi;01/02/1993
IRN;22;GK;Amir Abedzadeh;26/04/1993
IRN;23;DF;Ramin Rezaeian;21/03/1990
IRN;24;GK;Hossein Hosseini;30/06/1992
IRN;25;DF;Abolfazl Jalali;26/06/1998
USA;1;GK;Matt Turner;24/06/1994
USA;2;DF;Sergiño Dest;03/11/2000
USA;3;DF;Walker Zimmerman;19/05/1993
USA;4;MF;Tyler Adams;14/02/1999
USA;5;DF;Antonee Robinson;08/08/1997
USA;6;MF;Yunus Musah;29/11/2002
USA;7;FW;Giovanni Reyna;13/11/2002
USA;8;MF;Weston McKennie;28/08/1998
USA;9;FW;Jesús Ferreira;24/12/2000
USA;10;FW;Christian Pulisic;18/09/1998
USA;11;FW;Brenden Aaronson;22/12/2000
USA;12;GK;Ethan Horvath;09/06/1995
USA;13;DF;Tim Ream;05/12/1987
USA;14;MF;Luca de la Torre;23/05/1998
USA;15;DF;Aaron Long;12/12/1992
USA;16;FW;Jordan Morris;26/12/1994
USA;17;MF;Cristian Roldan;03/06/1995
USA;18;DF;Shaq Moore;02/11/1996
USA;19;FW;Haji Wright;27/03/1998
USA;20;DF;Cameron Carter-Vickers;31/12/1997
USA;21;FW;Timothy Weah;22/02/2000
USA;22;DF;DeAndre Yedlin;09/07/1993
USA;23;MF;Kellyn Acosta;24/07/1995
USA;24;FW;Josh Sargent;20/02/2000
USA;25;GK;Sean Johnson;31/05/1989
USA;26;DF;Joe Scally;31/12/2002
WAL;1;GK;Wayne Hennessey;24/01/1987
WAL;2;DF;Chris Gunter;21/07/1989
WAL;3;DF;Neco Williams;13/04/2001
WAL;4;DF;Ben Davies;24/04/1993
WAL;5;DF;Chris Mepham;05/11/1997
WAL;6;DF;Joe Rodon;22/12/1997
WAL;7;MF;Joe Allen;14/03/1990
WAL;8;MF;Harry Wilson;22/03/1997
WAL;9;FW;Brennan Johnson;23/05/2001
WAL;10;MF;Aaron Ramsey;26/12/1990
WAL;11;FW;Gareth Bale;16/07/1989
WAL;12;GK;Danny Ward;22/06/1993
WAL;13;FW;Kieffer Moore;08/08/1992
WAL;14;DF;Connor Roberts;23/09/1995
WAL;15;DF;Ethan Ampadu;14/09/2000
WAL;16;MF;Joe Morrell;03/01/1997
WAL;17;DF;Tom Lockyer;03/12/1994
WAL;18;MF;Jonny Williams;09/12/1993
WAL;19;FW;Mark Harris;29/12/1998
WAL;20;FW;Daniel James;10/11/1997
WAL;21;GK;Adam Davies;17/07/1992
WAL;22;MF;Sorba Thomas;25/01/1999
WAL;23;MF;Dylan Levitt;17/11/2000
WAL;24;DF;Ben Cabango;30/05/2000
WAL;25;MF;Rubin Colwill;27/04/2002
WAL;26;MF;Matthew Smith;22/11/1999
ARG;1;GK;Franco Armani;16/12/1986
ARG;2;DF;Juan Foyth;12/01/1998
ARG;3;DF;Nicolás Tagliafico;31/08/1992
ARG;4;DF;Gonzalo Montiel;01/01/1997
ARG;5;MF;Leandro Paredes;29/06/1994
ARG;6;DF;Germán Pezzella;27/06/1991
ARG;7;MF;Rodrigo De Paul;24/05/1994
ARG;8;MF;Marcos Acuña;28/12/1991
ARG;9;FW;Julián Álvarez;31/01/2000
ARG;10;FW;Lionel Messi;24/06/1987
ARG;11;FW;Ángel Di María;14/02/1988
ARG;12;GK;Gerónimo Rulli;20/05/1992
ARG;13;DF;Cristian Romero;27/04/1998
ARG;14;MF;Exequiel Palacios;05/12/1998
ARG;15;FW;Ángel Correa;09/03/1995
ARG;16;MF;Thiago Almada;26/04/2001
ARG;17;MF;Papu Gómez;15/02/1988
ARG;18;MF;Guido Rodríguez;12/04/1994
ARG;19;DF;Nicolás Otamendi;12/02/1988
ARG;20;MF;Alexis Mac Allister;24/12/1998
ARG;21;FW;Paulo Dybala;15/11/1993
ARG;22;FW;Lautaro Martínez;22/08/1997
ARG;23;GK;Emiliano Martínez;02/09/1992
ARG;24;MF;Enzo Fernández;17/01/2001
ARG;25;DF;Lisandro Martínez;18/01/1998
ARG;26;DF;Nahuel Molina;06/04/1998
MEX;1;GK;Alfredo Talavera;18/09/1982
MEX;2;DF;Néstor Araujo;29/08/1991
MEX;3;DF;César Montes;24/02/1997
MEX;4;DF;Edson Álvarez;24/12/1997
MEX;5;DF;Johan Vásquez;22/12/1998
MEX;6;DF;Gerardo Arteaga;07/09/1998
MEX;7;MF;Luis Romo;05/06/1995
MEX;8;MF;Carlos Rodríguez;03/01/1997
MEX;9;FW;Raúl Jiménez;05/05/1991
MEX;10;FW;Alexis Vega;25/11/1997
MEX;11;FW;Rogelio Funes Mori;05/03/1991
MEX;12;GK;Rodolfo Cota;03/07/1987
MEX;13;GK;Guillermo Ochoa;13/07/1985
MEX;14;MF;Érick Gutiérrez;15/06/1995
MEX;15;DF;Héctor Moreno;17/01/1988
MEX;16;MF;Héctor Herrera;19/04/1990
MEX;17;FW;Orbelín Pineda;24/03/1996
MEX;18;MF;Andrés Guardado;28/09/1986
MEX;19;DF;Jorge Sánchez;10/12/1997
MEX;20;FW;Henry Martín;18/11/1992
MEX;21;FW;Uriel Antuna;21/08/1997
MEX;22;FW;Hirving Lozano;30/07/1995
MEX;23;DF;Jesús Gallardo;15/08/1994
MEX;24;MF;Luis Chávez;15/01/1996
MEX;25;FW;Roberto Alvarado;07/09/1998
MEX;26;DF;Kevin Álvarez;15/01/1999
POL;1;GK;Wojciech Szczęsny;18/04/1990
POL;2;DF;Matty Cash;07/08/1997
POL;3;DF;Artur Jędrzejczyk;04/11/1987
POL;4;DF;Mateusz Wieteska;11/02/1997
POL;5;DF;Jan Bednarek;12/04/1996
POL;6;MF;Krystian Bielik;04/01/1998
POL;7;FW;Arkadiusz Milik;28/02/1994
POL;8;MF;Damian Szymański;16/06/1995
POL;9;FW;Robert Lewandowski;21/08/1988
POL;10;MF;Grzegorz Krychowiak;29/01/1990
POL;11;MF;Kamil Grosicki;08/06/1988
POL;12;GK;Łukasz Skorupski;05/05/1991
POL;13;MF;Jakub Kamiński;05/06/2002
POL;14;DF;Jakub Kiwior;15/02/2000
POL;15;DF;Kamil Glik;03/02/1988
POL;16;FW;Karol Świderski;23/01/1997
POL;17;MF;Szymon Żurkowski;25/09/1997
POL;18;DF;Bartosz Bereszyński;12/07/1992
POL;19;MF;Sebastian Szymański;10/05/1999
POL;20;MF;Piotr Zieliński;20/05/1994
POL;21;MF;Nicola Zalewski;23/01/2002
POL;22;GK;Kamil Grabara;08/01/1999
POL;23;FW;Krzysztof Piątek;01/07/1995
POL;24;MF;Przemysław Frankowski;12/04/1995
POL;25;DF;Robert Gumny;04/06/1998
POL;26;MF;Michał Skóraś;15/02/2000
KSA;1;GK;Mohammed Al-Rubaie;14/08/1997
KSA;2;DF;Sultan Al-Ghannam;06/05/1994
KSA;3;DF;Abdullah Madu;15/07/1993
KSA;4;DF;Abdulelah Al-Amri;15/01/1997
KSA;5;DF;Ali Al-Bulaihi;21/11/1989
KSA;6;DF;Mohammed Al-Breik;15/09/1992
KSA;7;MF;Salman Al-Faraj;01/08/1989
KSA;8;MF;Abdulellah Al-Malki;11/12/1994
KSA;9;FW;Firas Al-Buraikan;14/05/2000
KSA;10;FW;Salem Al-Dawsari;19/08/1991
KSA;11;FW;Saleh Al-Shehri;01/11/1993
KSA;12;DF;Saud Abdulhamid;18/07/1999
KSA;13;DF;Yasser Al-Shahrani;25/05/1992
KSA;14;MF;Abdullah Otayf;03/08/1992
KSA;15;MF;Ali Al-Hassan;04/03/1997
KSA;16;MF;Sami Al-Najei;07/02/1997
KSA;17;DF;Hassan Al-Tambakti;09/02/1999
KSA;18;MF;Nawaf Al-Abed;26/01/1990
KSA;19;FW;Hattan Bahebri;16/07/1992
KSA;20;FW;Abdulrahman Al-Aboud;01/06/1995
KSA;21;GK;Mohammed Al-Owais;10/12/1991
KSA;22;GK;Nawaf Al-Aqidi;10/05/2000
KSA;23;MF;Mohamed Kanno;22/09/1994
KSA;24;MF;Nasser Al-Dawsari;19/12/1998
KSA;25;FW;Haitham Asiri;25/03/2001
KSA;26;MF;Riyadh Sharahili;28/04/1993
AUS;1;GK;Mathew Ryan;08/04/1992
AUS;2;DF;Miloš Degenek;28/04/1994
AUS;3;DF;Nathaniel Atkinson;13/06/1999
AUS;4;DF;Kye Rowles;24/06/1998
AUS;5;DF;Fran Karačić;12/05/1996
AUS;6;FW;Marco Tilio;23/08/2001
AUS;7;FW;Mathew Leckie;04/02/1991
AUS;8;DF;Bailey Wright;28/07/1992
AUS;9;FW;Jamie Maclaren;29/07/1993
AUS;10;MF;Ajdin Hrustic;05/07/1996
AUS;11;FW;Awer Mabil;15/09/1995
AUS;12;GK;Andrew Redmayne;13/01/1989
AUS;13;MF;Aaron Mooy;15/09/1990
AUS;14;MF;Riley McGree;02/11/1998
AUS;15;FW;Mitchell Duke;18/01/1991
AUS;16;DF;Aziz Behich;16/12/1990
AUS;17;MF;Cameron Devlin;07/06/1998
AUS;18;GK;Danny Vukovic;27/03/1985
AUS;19;DF;Harry Souttar;22/12/1998
AUS;20;DF;Thomas Deng;20/03/1997
AUS;21;FW;Garang Kuol;15/09/2004
AUS;22;MF;Jackson Irvine;07/03/1993
AUS;23;FW;Craig Goodwin;16/12/1991
AUS;24;DF;Joel King;30/12/2000
AUS;25;FW;Jason Cummings;01/08/1995
AUS;26;MF;Keanu Baccus;07/06/1998
DEN;1;GK;Kasper Schmeichel;05/11/1986
DEN;2;DF;Joachim Andersen;31/05/1996
DEN;3;DF;Victor Nelsson;14/12/1998
DEN;4;DF;Simon Kjær;26/03/1989
DEN;5;DF;Joakim Mæhle;20/05/1997
DEN;6;DF;Andreas Christensen;10/04/1996
DEN;7;MF;Mathias Jensen;01/01/1996
DEN;8;MF;Thomas Delaney;03/09/1991
DEN;9;FW;Martin Braithwaite;05/06/1991
DEN;10;MF;Christian Eriksen;14/02/1992
DEN;11;MF;Andreas Skov Olsen;29/12/1999
DEN;12;FW;Kasper Dolberg;06/12/1997
DEN;13;DF;Rasmus Kristensen;11/07/1997
DEN;14;MF;Mikkel Damsgaard;03/07/2000
DEN;15;MF;Christian Nørgaard;10/03/1994
DEN;16;GK;Oliver Christensen;22/03/1999
DEN;17;DF;Jens Stryger Larsen;21/02/1991
DEN;18;DF;Daniel Wass;31/05/1989
DEN;19;FW;Jonas Wind;07/02/1999
DEN;20;FW;Yussuf Poulsen;15/06/1994
DEN;21;FW;Andreas Cornelius;16/03/1993
DEN;22;GK;Frederik Rønnow;04/08/1992
DEN;23;MF;Pierre-Emile Højbjerg;05/08/1995
DEN;24;MF;Robert Skov;20/05/1996
DEN;25;MF;Jesper Lindstrøm;29/02/2000
DEN;26;DF;Alexander Bah;09/12/1997
FRA;1;GK;Hugo Lloris;26/12/1986
FRA;2;DF;Benjamin Pavard;28/03/1996
FRA;3;DF;Axel Disasi;11/03/1998
FRA;4;DF;Raphaël Varane;25/04/1993
FRA;5;DF;Jules Koundé;12/11/1998
FRA;6;MF;Matteo Guendouzi;14/04/1999
FRA;7;FW;Antoine Griezmann;21/03/1991
FRA;8;MF;Aurélien Tchouaméni;27/01/2000
FRA;9;FW;Olivier Giroud;30/09/1986
FRA;10;FW;Kylian Mbappé;20/12/1998
FRA;11;FW;Ousmane Dembélé;15/05/1997
FRA;12;FW;Randal Kolo Muani;05/12/1998
FRA;13;MF;Youssouf Fofana;10/01/1999
FRA;14;MF;Adrien Rabiot;03/04/1995
FRA;15;MF;Jordan Veretout;01/03/1993
FRA;16;GK;Steve Mandanda;28/03/1985
FRA;17;DF;William Saliba;24/03/2001
FRA;18;DF;Dayot Upamecano;27/12/1998
FRA;19;FW;Karim Benzema;19/12/1987
FRA;20;FW;Kingsley Coman;13/06/1996
FRA;21;DF;Lucas Hernandez;14/02/1996
FRA;22;DF;Théo Hernandez;06/12/1997
FRA;23;GK;Alphonse Areola;27/02/1993
FRA;24;DF;Ibrahima Konaté;25/05/1999
FRA;25;MF;Eduardo Camavinga;10/11/2002
FRA;26;FW;Marcus Thuram;06/08/1997
TUN;1;GK;Aymen Mathlouthi;14/09/1984
TUN;2;DF;Bilel Ifa;09/03/1990
TUN;3;DF;Montassar Talbi;26/05/1998
TUN;4;DF;Yassine Meriah;02/07/1993
TUN;5;MF;Nader Ghandri;18/02/1995
TUN;6;DF;Dylan Bronn;19/06/1995
TUN;7;FW;Youssef Msakni;28/12/1990
TUN;8;MF;Hannibal Mejbri;21/01/2003
TUN;9;FW;Issam Jebali;25/12/1991
TUN;10;FW;Wahbi Khazri;08/02/1991
TUN;11;FW;Taha Yassine Khenissi;06/01/1992
TUN;12;DF;Ali Maâloul;01/01/1990
TUN;13;MF;Ferjani Sassi;18/03/1992
TUN;14;MF;Aïssa Laïdouni;13/12/1996
TUN;15;MF;Mohamed Ali Ben Romdhane;06/09/1999
TUN;16;GK;Aymen Dahmen;28/01/1997
TUN;17;MF;Ellyes Skhiri;10/05/1995
TUN;18;MF;Ghailene Chaalali;28/02/1994
TUN;19;FW;Seifeddine Jaziri;12/02/1993
TUN;20;DF;Mohamed Dräger;25/06/1996
TUN;21;DF;Wajdi Kechrida;05/11/1995
TUN;22;GK;Bechir Ben Saïd;29/11/1992
TUN;23;FW;Naïm Sliti;27/07/1992
TUN;24;DF;Ali Abdi;20/12/1993
TUN;25;FW;Anis Ben Slimane;16/03/2001
TUN;26;GK;Mouez Hassen;05/03/1995
CRC;1;GK;Keylor Navas;15/12/1986
CRC;2;MF;Daniel Chacón;11/04/2001
CRC;3;DF;Juan Pablo Vargas;06/06/1995
CRC;4;DF;Keysher Fuller;12/07/1994
CRC;5;MF;Celso Borges;27/05/1988
CRC;6;DF;Óscar Duarte;03/06/1989
CRC;7;FW;Anthony Contreras;29/01/2000
CRC;8;DF;Bryan Oviedo;18/02/1990
CRC;9;MF;Jewison Bennette;15/06/2004
CRC;10;MF;Bryan Ruiz;18/08/1985
CRC;11;FW;Johan Venegas;27/11/1988
CRC;12;FW;Joel Campbell;26/06/1992
CRC;13;MF;Gerson Torres;28/08/1997
CRC;14;MF;Youstin Salas;17/06/1996
CRC;15;DF;Francisco Calvo;08/07/1992
CRC;16;DF;Carlos Martínez;30/03/1999
CRC;17;MF;Yeltsin Tejeda;17/03/1992
CRC;18;GK;Esteban Alvarado;28/04/1989
CRC;19;DF;Kendall Waston;01/01/1988
CRC;20;MF;Brandon Aguilera;28/06/2003
CRC;21;MF;Douglas López;21/09/1998
CRC;22;DF;Rónald Matarrita;09/07/1994
CRC;23;GK;Patrick Sequeira;01/03/1999
CRC;24;MF;Roan Wilson;01/05/2002
CRC;25;MF;Anthony Hernández;11/12/2001
CRC;26;MF;Álvaro Zamora;09/03/2002
GER;1;GK;Manuel Neuer;27/03/1986
GER;2;DF;Antonio Rüdiger;03/03/1993
GER;3;DF;David Raum;22/04/1998
GER;4;DF;Matthias Ginter;19/01/1994
GER;5;DF;Thilo Kehrer;21/09/1996
GER;6;MF;Joshua Kimmich;08/02/1995
GER;7;FW;Kai Havertz;11/06/1999
GER;8;MF;Leon Goretzka;06/02/1995
GER;9;FW;Niclas Füllkrug;09/02/1993
GER;10;FW;Serge Gnabry;14/07/1995
GER;11;MF;Mario Götze;03/06/1992
GER;12;GK;Kevin Trapp;08/07/1990
GER;13;MF;Thomas Müller;13/09/1989
GER;14;MF;Jamal Musiala;26/02/2003
GER;15;DF;Niklas Süle;03/09/1995
GER;16;DF;Lukas Klostermann;03/06/1996
GER;17;MF;Julian Brandt;02/05/1996
GER;18;MF;Jonas Hofmann;14/07/1992
GER;19;MF;Leroy Sané;11/01/1996
GER;20;DF;Christian Günter;28/02/1993
GER;21;MF;İlkay Gündoğan;24/12/1990
GER;22;GK;Marc-André ter Stegen;30/04/1992
GER;23;DF;Nico Schlotterbeck;01/12/1999
GER;24;FW;Karim Adeyemi;18/01/2002
GER;25;DF;Armel Bella-Kotchap;11/12/2001
GER;26;FW;Youssoufa Moukoko;20/11/2004
JPN;1;GK;Eiji Kawashima;20/03/1983
JPN;2;DF;Miki Yamane;22/12/1993
JPN;3;DF;Shogo Taniguchi;15/07/1991
JPN;4;DF;Ko Itakura;27/01/1997
JPN;5;DF;Yuto Nagatomo;12/09/1986
JPN;6;MF;Wataru Endo;09/02/1993
JPN;7;MF;Gaku Shibasaki;28/05/1992
JPN;8;MF;Ritsu Dōan;16/06/1998
JPN;9;MF;Kaoru Mitoma;20/05/1997
JPN;10;MF;Takumi Minamino;16/01/1995
JPN;11;MF;Takefusa Kubo;04/06/2001
JPN;12;GK;Shūichi Gonda;03/03/1989
JPN;13;MF;Hidemasa Morita;10/05/1995
JPN;14;MF;Junya Ito;09/03/1993
JPN;15;MF;Daichi Kamada;05/08/1996
JPN;16;DF;Takehiro Tomiyasu;05/11/1998
JPN;17;MF;Ao Tanaka;10/09/1998
JPN;18;FW;Takuma Asano;10/11/1994
JPN;19;DF;Hiroki Sakai;12/04/1990
JPN;20;FW;Shuto Machino;30/09/1999
JPN;21;FW;Ayase Ueda;28/08/1998
JPN;22;DF;Maya Yoshida;24/08/1988
JPN;23;GK;Daniel Schmidt;03/02/1992
JPN;24;MF;Yuki Soma;25/02/1997
JPN;25;FW;Daizen Maeda;20/12/1997
JPN;26;DF;Hiroki Ito;12/05/1999
ESP;1;GK;Robert Sánchez;18/11/1997
ESP;2;DF;César Azpilicueta;28/08/1989
ESP;3;DF;Eric García;09/01/2001
ESP;4;DF;Pau Torres;16/01/1997
ESP;5;MF;Sergio Busquets;16/07/1988
ESP;6;MF;Marcos Llorente;30/01/1995
ESP;7;FW;Álvaro Morata;23/12/1992
ESP;8;MF;Koke;08/01/1992
ESP;9;MF;Gavi;05/08/2004
ESP;10;FW;Marco Asensio;21/01/1996
ESP;11;FW;Ferran Torres;29/02/2000
ESP;12;FW;Nico Williams;12/07/2002
ESP;13;GK;David Raya;15/09/1995
ESP;14;DF;Alejandro Balde;18/12/2003
ESP;15;DF;Hugo Guillamón;31/01/2000
ESP;16;MF;Rodri;22/06/1996
ESP;17;FW;Yeremy Pino;20/12/2002
ESP;18;DF;Jordi Alba;21/03/1989
ESP;19;MF;Carlos Soler;02/01/1997
ESP;20;DF;Dani Carvajal;11/01/1992
ESP;21;FW;Dani Olmo;07/05/1998
ESP;22;FW;Pablo Sarabia;11/05/1992
ESP;23;GK;Unai Simón;11/06/1997
ESP;24;DF;Aymeric Laporte;27/05/1994
ESP;25;FW;Ansu Fati;31/12/2002
ESP;26;MF;Pedri;25/11/2002
BEL;1;GK;Thibaut Courtois;11/05/1992
BEL;2;DF;Toby Alderweireld;02/03/1989
BEL;3;DF;Arthur Theate;25/05/2000
BEL;4;DF;Wout Faes;03/04/1998
BEL;5;DF;Jan Vertonghen;24/04/1987
BEL;6;MF;Axel Witsel;12/01/1989
BEL;7;MF;Kevin De Bruyne;28/06/1991
BEL;8;MF;Youri Tielemans;07/05/1997
BEL;9;FW;Romelu Lukaku;13/05/1993
BEL;10;FW;Eden Hazard;07/01/1991
BEL;11;FW;Yannick Carrasco;04/09/1993
BEL;12;GK;Simon Mignolet;06/03/1988
BEL;13;GK;Koen Casteels;25/06/1992
BEL;14;FW;Dries Mertens;06/05/1987
BEL;15;MF;Thomas Meunier;12/09/1991
BEL;16;MF;Thorgan Hazard;29/03/1993
BEL;17;FW;Leandro Trossard;04/12/1994
BEL;18;MF;Amadou Onana;16/08/2001
BEL;19;DF;Leander Dendoncker;15/04/1995
BEL;20;MF;Hans Vanaken;24/08/1992
BEL;21;MF;Timothy Castagne;05/12/1995
BEL;22;FW;Charles De Ketelaere;10/03/2001
BEL;23;FW;Michy Batshuayi;02/12/1993
BEL;24;FW;Loïs Openda;16/02/2000
BEL;25;FW;Jérémy Doku;27/05/2002
BEL;26;DF;Zeno Debast;24/12/2003
CAN;1;GK;Dayne St. Clair;09/05/1997
CAN;2;DF;Alistair Johnston;08/12/1998
CAN;3;DF;Sam Adekugbe;16/01/1995
CAN;4;DF;Kamal Miller;16/05/1997
CAN;5;DF;Steven Vitória;11/01/1987
CAN;6;MF;Samuel Piette;12/11/1994
CAN;7;MF;Stephen Eustáquio;21/12/1996
CAN;8;MF;Liam Fraser;13/02/1998
CAN;9;FW;Lucas Cavallini;28/12/1992
CAN;10;MF;Junior Hoilett;05/06/1990
CAN;11;FW;Tajon Buchanan;08/02/1999
CAN;12;FW;Iké Ugbo;21/09/1998
CAN;13;MF;Atiba Hutchinson;08/02/1983
CAN;14;MF;Mark-Anthony Kaye;02/12/1994
CAN;15;MF;Ismaël Koné;16/06/2002
CAN;16;GK;James Pantemis;21/02/1997
CAN;17;FW;Cyle Larin;17/04/1995
CAN;18;GK;Milan Borjan;23/12/1987
CAN;19;FW;Alphonso Davies;02/11/2000
CAN;20;FW;Jonathan David;14/01/2000
CAN;21;MF;Jonathan Osorio;12/06/1992
CAN;22;DF;Richie Laryea;07/01/1995
CAN;23;MF;Liam Millar;27/09/1999
CAN;24;MF;David Wotherspoon;16/01/1990
CAN;25;DF;Derek Cornelius;25/11/1997
CAN;26;DF;Joel Waterman;24/01/1996
CRO;1;GK;Dominik Livaković;09/01/1995
CRO;2;DF;Josip Stanišić;02/04/2000
CRO;3;DF;Borna Barišić;10/11/1992
CRO;4;FW;Ivan Perišić;02/02/1989
CRO;5;DF;Martin Erlić;24/01/1998
CRO;6;DF;Dejan Lovren;05/07/1989
CRO;7;MF;Lovro Majer;17/01/1998
CRO;8;MF;Mateo Kovačić;06/05/1994
CRO;9;FW;Andrej Kramarić;19/06/1991
CRO;10;MF;Luka Modrić;09/09/1985
CRO;11;MF;Marcelo Brozović;16/11/1992
CRO;12;GK;Ivo Grbić;18/01/1996
CRO;13;MF;Nikola Vlašić;04/12/1997
CRO;14;FW;Marko Livaja;26/08/1993
CRO;15;MF;Mario Pašalić;09/02/1995
CRO;16;FW;Bruno Petković;16/09/1994
CRO;17;FW;Ante Budimir;22/07/1991
CRO;18;FW;Mislav Oršić;29/12/1992
CRO;19;DF;Borna Sosa;21/01/1998
CRO;20;DF;Joško Gvardiol;23/01/2002
CRO;21;DF;Domagoj Vida;29/04/1989
CRO;22;DF;Josip Juranović;16/08/1995
CRO;23;GK;Ivica Ivušić;01/02/1995
CRO;24;DF;Josip Šutalo;28/02/2000
CRO;25;MF;Luka Sučić;08/09/2002
CRO;26;MF;Kristijan Jakić;14/05/1997
MAR;1;GK;Yassine Bounou;05/04/1991
MAR;2;DF;Achraf Hakimi;04/11/1998
MAR;3;DF;Noussair Mazraoui;14/11/1997
MAR;4;MF;Sofyan Amrabat;21/08/1996
MAR;5;DF;Nayef Aguerd;30/03/1996
MAR;6;DF;Romain Saïss;26/03/1990
MAR;7;MF;Hakim Ziyech;19/03/1993
MAR;8;MF;Azzedine Ounahi;19/04/2000
MAR;9;FW;Abderrazak Hamdallah;17/12/1990
MAR;10;MF;Anass Zaroury;07/11/2000
MAR;11;FW;Abdelhamid Sabiri;28/11/1996
MAR;12;GK;Munir Mohamedi;10/05/1989
MAR;13;MF;Ilias Chair;30/12/1997
MAR;14;MF;Zakaria Aboukhlal;18/02/2000
MAR;15;MF;Selim Amallah;15/11/1996
MAR;16;FW;Abde Ezzalzouli;17/12/2001
MAR;17;MF;Sofiane Boufal;17/09/1993
MAR;18;DF;Jawad El Yamiq;29/02/1992
MAR;19;FW;Youssef En-Nesyri;01/06/1997
MAR;20;DF;Achraf Dari;06/05/1999
MAR;21;FW;Walid Cheddira;22/01/1998
MAR;22;GK;Ahmed Reda Tagnaouti;05/04/1996
MAR;23;MF;Bilal El Khannous;10/05/2004
MAR;24;DF;Badr Benoun;30/09/1993
MAR;25;DF;Yahia Attiyat Allah;02/03/1995
MAR;26;MF;Yahya Jabrane;18/06/1991
BRA;1;GK;Alisson;02/12/1992
BRA;2;DF;Danilo;15/07/1991
BRA;3;DF;Thiago Silva;22/09/1984
BRA;4;DF;Marquinhos;14/05/1994
BRA;5;MF;Casemiro;23/02/1992
BRA;6;DF;Alex Sandro;26/01/1991
BRA;7;MF;Lucas Paquetá;27/08/1997
BRA;8;MF;Fred;05/03/1993
BRA;9;FW;Richarlison;10/05/1997
BRA;10;FW;Neymar;05/02/1992
BRA;11;FW;Raphinha;14/12/1996
BRA;12;GK;Weverton;13/12/1987
BRA;13;DF;Dani Alves;06/05/1983
BRA;14;DF;Éder Militão;18/01/1998
BRA;15;MF;Fabinho;23/12/1993
BRA;16;DF;Alex Telles;15/12/1992
BRA;17;MF;Bruno Guimarães;16/11/1997
BRA;18;FW;Gabriel Jesus;03/04/1997
BRA;19;FW;Antony;24/02/2000
BRA;20;FW;Vinícius Júnior;12/07/2000
BRA;21;FW;Rodrygo;09/01/2001
BRA;22;MF;Éverton Ribeiro;10/04/1989
BRA;23;GK;Ederson;17/08/1993
BRA;24;DF;Bremer;18/03/1997
BRA;25;FW;Pedro;20/06/1997
BRA;26;FW;Gabriel Martinelli;18/06/2001
CMR;1;GK;Simon Ngapandouetnbu;12/04/2003
CMR;2;DF;Jerome Ngom Mbekeli;30/09/1998
CMR;3;DF;Nicolas Nkoulou;27/03/1990
CMR;4;DF;Christopher Wooh;18/09/2001
CMR;5;MF;Gaël Ondoua;04/11/1995
CMR;6;FW;Moumi Ngamaleu;09/07/1994
CMR;7;MF;Georges-Kévin Nkoudou;13/02/1995
CMR;8;MF;André-Frank Zambo Anguissa;16/11/1995
CMR;9;FW;Jean-Pierre Nsame;01/05/1993
CMR;10;FW;Vincent Aboubakar;22/01/1992
CMR;11;FW;Christian Bassogog;18/12/1995
CMR;12;FW;Karl Toko Ekambi;14/09/1992
CMR;13;FW;Eric Maxim Choupo-Moting;23/03/1989
CMR;14;MF;Samuel Gouet;14/12/1997
CMR;15;MF;Pierre Kunde;26/07/1995
CMR;16;GK;Devis Epassy;02/02/1993
CMR;17;DF;Olivier Mbaizo;15/08/1997
CMR;18;MF;Martin Hongla;16/03/1998
CMR;19;DF;Collins Fai;13/08/1992
CMR;20;FW;Bryan Mbeumo;07/08/1999
CMR;21;DF;Jean-Charles Castelletto;26/01/1995
CMR;22;MF;Olivier Ntcham;09/02/1996
CMR;23;GK;André Onana;02/04/1996
CMR;24;DF;Enzo Ebosse;11/03/1999
CMR;25;DF;Nouhou Tolo;23/06/1997
CMR;26;MF;Souaibou Marou;03/12/2000
SRB;1;GK;Marko Dmitrović;24/01/1992
SRB;2;DF;Strahinja Pavlović;24/05/2001
SRB;3;DF;Strahinja Eraković;22/01/2001
SRB;4;DF;Nikola Milenković;12/12/1997
SRB;5;DF;Miloš Veljković;26/09/1995
SRB;6;MF;Nemanja Maksimović;26/01/1995
SRB;7;FW;Nemanja Radonjić;15/02/1996
SRB;8;MF;Nemanja Gudelj;16/11/1991
SRB;9;FW;Aleksandar Mitrović;16/09/1994
SRB;10;FW;Dušan Tadić;20/11/1988
SRB;11;FW;Luka Jović;23/12/1997
SRB;12;GK;Predrag Rajković;31/12/1995
SRB;13;DF;Stefan Mitrović;22/05/1990
SRB;14;MF;Andrija Živković;11/07/1996
SRB;15;DF;Srđan Babić;22/04/1996
SRB;16;MF;Saša Lukić;13/08/1996
SRB;17;MF;Filip Kostić;01/11/1992
SRB;18;FW;Dušan Vlahović;28/01/2000
SRB;19;MF;Uroš Račić;17/03/1998
SRB;20;MF;Sergej Milinković-Savić;27/02/1995
SRB;21;FW;Filip Đuričić;30/01/1992
SRB;22;MF;Darko Lazović;15/09/1990
SRB;23;GK;Vanja Milinković-Savić;20/02/1997
SRB;24;MF;Ivan Ilić;17/03/2001
SRB;25;DF;Filip Mladenović;15/08/1991
SRB;26;MF;Marko Grujić;13/04/1996
SUI;1;GK;Yann Sommer;17/12/1988
SUI;2;DF;Edimilson Fernandes;15/04/1996
SUI;3;DF;Silvan Widmer;05/03/1993
SUI;4;DF;Nico Elvedi;30/09/1996
SUI;5;DF;Manuel Akanji;19/07/1995
SUI;6;MF;Denis Zakaria;20/11/1996
SUI;7;FW;Breel Embolo;14/02/1997
SUI;8;MF;Remo Freuler;15/04/1992
SUI;9;FW;Haris Seferovic;22/02/1992
SUI;10;MF;Granit Xhaka;27/09/1992
SUI;11;DF;Renato Steffen;03/11/1991
SUI;12;GK;Jonas Omlin;10/01/1994
SUI;13;DF;Ricardo Rodriguez;25/08/1992
SUI;14;MF;Michel Aebischer;06/01/1997
SUI;15;MF;Djibril Sow;06/02/1997
SUI;16;MF;Christian Fassnacht;11/11/1993
SUI;17;FW;Ruben Vargas;05/08/1998
SUI;18;DF;Eray Cömert;04/02/1998
SUI;19;FW;Noah Okafor;24/05/2000
SUI;20;MF;Fabian Frei;08/01/1989
SUI;21;GK;Gregor Kobel;06/12/1997
SUI;22;DF;Fabian Schär;20/12/1991
SUI;23;MF;Xherdan Shaqiri;10/12/1991
SUI;24;GK;Philipp Köhn;02/04/1998
SUI;25;MF;Fabian Rieder;16/02/2002
SUI;26;MF;Ardon Jashari;30/07/2002
GHA;1;GK;Lawrence Ati-Zigi;29/11/1996
GHA;2;DF;Tariq Lamptey;30/09/2000
GHA;3;DF;Denis Odoi;27/05/1988
GHA;4;DF;Mohammed Salisu;17/04/1999
GHA;5;MF;Thomas Partey;13/06/1993
GHA;6;MF;Elisha Owusu;07/11/1997
GHA;7;MF;Abdul Fatawu Issahaku;08/03/2004
GHA;8;MF;Daniel-Kofi Kyereh;08/03/1996
GHA;9;FW;Jordan Ayew;11/09/1991
GHA;10;FW;André Ayew;17/12/1989
GHA;11;MF;Osman Bukari;13/12/1998
GHA;12;GK;Ibrahim Danlad;02/12/2002
GHA;13;MF;Daniel Afriyie;26/06/2001
GHA;14;DF;Gideon Mensah;18/07/1998
GHA;15;DF;Joseph Aidoo;29/09/1995
GHA;16;GK;Abdul Manaf Nurudeen;08/02/1999
GHA;17;DF;Baba Rahman;02/07/1994
GHA;18;DF;Daniel Amartey;21/12/1994
GHA;19;FW;Iñaki Williams;15/06/1994
GHA;20;MF;Mohammed Kudus;02/08/2000
GHA;21;MF;Salis Abdul Samed;26/03/2000
GHA;22;MF;Kamaldeen Sulemana;15/02/2002
GHA;23;DF;Alexander Djiku;09/08/1994
GHA;24;MF;Kamal Sowah;09/01/2000
GHA;25;FW;Antoine Semenyo;07/01/2000
GHA;26;DF;Alidu Seidu;04/06/2000
POR;1;GK;Rui Patrício;15/02/1988
POR;2;DF;Diogo Dalot;18/03/1999
POR;3;DF;Pepe;26/02/1983
POR;4;DF;Rúben Dias;14/05/1997
POR;5;DF;Raphaël Guerreiro;22/12/1993
POR;6;MF;João Palhinha;09/07/1995
POR;7;FW;Cristiano Ronaldo;05/02/1985
POR;8;MF;Bruno Fernandes;08/09/1994
POR;9;FW;André Silva;06/11/1995
POR;10;FW;Bernardo Silva;10/08/1994
POR;11;FW;João Félix;10/11/1999
POR;12;GK;José Sá;17/01/1993
POR;13;DF;Danilo Pereira;09/09/1991
POR;14;MF;William Carvalho;07/04/1992
POR;15;FW;Rafael Leão;10/06/1999
POR;16;MF;Vitinha;13/02/2000
POR;17;MF;João Mário;19/01/1993
POR;18;MF;Rúben Neves;13/03/1997
POR;19;DF;Nuno Mendes;19/06/2002
POR;20;DF;João Cancelo;27/05/1994
POR;21;FW;Ricardo Horta;15/09/1994
POR;22;GK;Diogo Costa;19/09/1999
POR;23;MF;Matheus Nunes;27/08/1998
POR;24;DF;António Silva;30/12/2003
POR;25;MF;Otávio;09/02/1995
POR;26;FW;Gonçalo Ramos;20/06/2001
KOR;1;GK;Kim Seung-gyu;30/09/1990
KOR;2;DF;Yoon Jong-gyu;20/03/1998
KOR;3;DF;Kim Jin-su;13/06/1992
KOR;4;DF;Kim Min-jae;15/11/1996
KOR;5;MF;Jung Woo-young;14/12/1989
KOR;6;MF;Hwang In-beom;20/09/1996
KOR;7;MF;Son Heung-min;08/07/1992
KOR;8;MF;Paik Seung-ho;17/03/1997
KOR;9;FW;Cho Gue-sung;25/01/1998
KOR;10;MF;Lee Jae-sung;10/08/1992
KOR;11;MF;Hwang Hee-chan;26/01/1996
KOR;12;GK;Song Bum-keun;15/12/1997
KOR;13;MF;Son Jun-ho;12/05/1992
KOR;14;DF;Hong Chul;17/09/1990
KOR;15;DF;Kim Moon-hwan;01/08/1995
KOR;16;FW;Hwang Ui-jo;28/08/1992
KOR;17;MF;Na Sang-ho;12/08/1996
KOR;18;MF;Lee Kang-in;19/02/2001
KOR;19;DF;Kim Young-gwon;27/02/1990
KOR;20;DF;Kwon Kyung-won;31/01/1992
KOR;21;GK;Jo Hyeon-woo;25/09/1991
KOR;22;MF;Kwon Chang-hoon;30/06/1994
KOR;23;DF;Kim Tae-hwan;24/07/1989
KOR;24;DF;Cho Yu-min;17/11/1996
KOR;25;MF;Jeong Woo-yeong;20/09/1999
KOR;26;MF;Song Min-kyu;12/09/1999
URU;1;GK;Fernando Muslera;16/06/1986
URU;2;DF;José Giménez;20/01/1995
URU;3;DF;Diego Godín;16/02/1986
URU;4;DF;Ronald Araújo;07/03/1999
URU;5;MF;Matías Vecino;24/08/1991
URU;6;MF;Rodrigo Bentancur;25/06/1997
URU;7;MF;Nicolás de la Cruz;01/06/1997
URU;8;FW;Facundo Pellistri;20/12/2001
URU;9;FW;Luis Suárez;24/01/1987
URU;10;MF;Giorgian de Arrascaeta;01/06/1994
URU;11;FW;Darwin Núñez;24/06/1999
URU;12;GK;Sebastián Sosa;19/08/1986
URU;13;DF;Guillermo Varela;24/03/1993
URU;14;MF;Lucas Torreira;11/02/1996
URU;15;MF;Federico Valverde;22/07/1998
URU;16;DF;Mathías Olivera;31/12/1997
URU;17;DF;Matías Viña;09/11/1997
URU;18;FW;Maxi Gómez;14/08/1996
URU;19;DF;Sebastián Coates;07/12/1990
URU;20;FW;Facundo Torres;13/04/2000
URU;21;FW;Edinson Cavani;14/02/1987
URU;22;DF;Martín Cáceres;07/04/1987
URU;23;GK;Sergio Rochet;23/03/1993
URU;24;MF;Agustín Canobbio;01/12/1998
URU;25;MF;Manuel Ugarte;11/04/2001
URU;26;DF;José Luis Rodríguez;14/03/1997
